"lift coefficient(alpha), created by Plot Digitizer, 2.6.9"
"Date: 12/7/23, 10:06:52 AM"


14
alpha,lift coefficient
-13.3313,-0.863611,
-11.0179,-0.897432,
-8.72263,-0.813283,
-6.43704,-0.666678,
-4.36663,-0.485456,
-1.95774,-0.231238,
-0.380129,-0.0293832,
1.82535,0.183119,
3.67738,0.419777,
5.53583,0.614798,
7.81393,0.809979,
10.2480,0.901121,
12.4850,0.908909,
14.1748,0.836682,
