"lift coefficient(alpha), created by Plot Digitizer, 2.6.9"
"Date: 12/7/23, 10:34:39 AM"


19
alpha,lift coefficient
-16.5203,-0.612410,
-14.4076,-0.724415,
-12.2292,-0.769700,
-9.99054,-0.664000,
-8.18077,-0.438997,
-5.80822,-0.234967,
-4.06840,-0.0134863,
-1.90660,0.194020,
-0.167011,0.419012,
1.92461,0.626506,
4.22675,0.834036,
5.75721,1.03793,
7.56952,1.22431,
9.03395,1.36499,
10.9891,1.51278,
13.2274,1.62550,
15.7543,1.61538,
18.0089,1.47882,
20.4740,1.34230,
